<annotation>
	<folder></folder>
	<filename>vdo_mp4-1240_jpg.rf.8016fbc750bc69f0505fffc568c35fae.jpg</filename>
	<path>vdo_mp4-1240_jpg.rf.8016fbc750bc69f0505fffc568c35fae.jpg</path>
	<source>
		<database>roboflow.ai</database>
	</source>
	<size>
		<width>1920</width>
		<height>1080</height>
		<depth>3</depth>
	</size>
	<segmented>0</segmented>
	<object>
		<name>car</name>
		<pose>Unspecified</pose>
		<truncated>0</truncated>
		<difficult>0</difficult>
		<occluded>0</occluded>
		<bndbox>
			<xmin>1286</xmin>
			<xmax>1513</xmax>
			<ymin>355</ymin>
			<ymax>534</ymax>
		</bndbox>
	</object>
	<object>
		<name>car</name>
		<pose>Unspecified</pose>
		<truncated>0</truncated>
		<difficult>0</difficult>
		<occluded>0</occluded>
		<bndbox>
			<xmin>1480</xmin>
			<xmax>1788</xmax>
			<ymin>526</ymin>
			<ymax>790</ymax>
		</bndbox>
	</object>
	<object>
		<name>car</name>
		<pose>Unspecified</pose>
		<truncated>0</truncated>
		<difficult>0</difficult>
		<occluded>0</occluded>
		<bndbox>
			<xmin>1041</xmin>
			<xmax>1176</xmax>
			<ymin>121</ymin>
			<ymax>223</ymax>
		</bndbox>
	</object>
	<object>
		<name>car</name>
		<pose>Unspecified</pose>
		<truncated>0</truncated>
		<difficult>0</difficult>
		<occluded>0</occluded>
		<bndbox>
			<xmin>561</xmin>
			<xmax>659</xmax>
			<ymin>69</ymin>
			<ymax>120</ymax>
		</bndbox>
	</object>
	<object>
		<name>car</name>
		<pose>Unspecified</pose>
		<truncated>0</truncated>
		<difficult>0</difficult>
		<occluded>0</occluded>
		<bndbox>
			<xmin>981</xmin>
			<xmax>1053</xmax>
			<ymin>84</ymin>
			<ymax>142</ymax>
		</bndbox>
	</object>
	<object>
		<name>car</name>
		<pose>Unspecified</pose>
		<truncated>0</truncated>
		<difficult>0</difficult>
		<occluded>0</occluded>
		<bndbox>
			<xmin>702</xmin>
			<xmax>816</xmax>
			<ymin>80</ymin>
			<ymax>181</ymax>
		</bndbox>
	</object>
	<object>
		<name>car</name>
		<pose>Unspecified</pose>
		<truncated>0</truncated>
		<difficult>0</difficult>
		<occluded>0</occluded>
		<bndbox>
			<xmin>561</xmin>
			<xmax>664</xmax>
			<ymin>86</ymin>
			<ymax>164</ymax>
		</bndbox>
	</object>
	<object>
		<name>car</name>
		<pose>Unspecified</pose>
		<truncated>0</truncated>
		<difficult>0</difficult>
		<occluded>0</occluded>
		<bndbox>
			<xmin>883</xmin>
			<xmax>941</xmax>
			<ymin>86</ymin>
			<ymax>139</ymax>
		</bndbox>
	</object>
	<object>
		<name>car</name>
		<pose>Unspecified</pose>
		<truncated>0</truncated>
		<difficult>0</difficult>
		<occluded>0</occluded>
		<bndbox>
			<xmin>909</xmin>
			<xmax>967</xmax>
			<ymin>99</ymin>
			<ymax>142</ymax>
		</bndbox>
	</object>
	<object>
		<name>car</name>
		<pose>Unspecified</pose>
		<truncated>0</truncated>
		<difficult>0</difficult>
		<occluded>0</occluded>
		<bndbox>
			<xmin>1169</xmin>
			<xmax>1273</xmax>
			<ymin>79</ymin>
			<ymax>169</ymax>
		</bndbox>
	</object>
</annotation>
