<annotation>
	<folder></folder>
	<filename>vdo_mp4-1018_jpg.rf.4f905fd646bacbbeee358fba408c57e1.jpg</filename>
	<path>vdo_mp4-1018_jpg.rf.4f905fd646bacbbeee358fba408c57e1.jpg</path>
	<source>
		<database>roboflow.ai</database>
	</source>
	<size>
		<width>1920</width>
		<height>1080</height>
		<depth>3</depth>
	</size>
	<segmented>0</segmented>
	<object>
		<name>car</name>
		<pose>Unspecified</pose>
		<truncated>0</truncated>
		<difficult>0</difficult>
		<occluded>0</occluded>
		<bndbox>
			<xmin>1284</xmin>
			<xmax>1513</xmax>
			<ymin>356</ymin>
			<ymax>533</ymax>
		</bndbox>
	</object>
	<object>
		<name>car</name>
		<pose>Unspecified</pose>
		<truncated>0</truncated>
		<difficult>0</difficult>
		<occluded>0</occluded>
		<bndbox>
			<xmin>1479</xmin>
			<xmax>1787</xmax>
			<ymin>524</ymin>
			<ymax>792</ymax>
		</bndbox>
	</object>
	<object>
		<name>car</name>
		<pose>Unspecified</pose>
		<truncated>0</truncated>
		<difficult>0</difficult>
		<occluded>0</occluded>
		<bndbox>
			<xmin>1040</xmin>
			<xmax>1175</xmax>
			<ymin>120</ymin>
			<ymax>223</ymax>
		</bndbox>
	</object>
	<object>
		<name>car</name>
		<pose>Unspecified</pose>
		<truncated>0</truncated>
		<difficult>0</difficult>
		<occluded>0</occluded>
		<bndbox>
			<xmin>983</xmin>
			<xmax>1052</xmax>
			<ymin>83</ymin>
			<ymax>140</ymax>
		</bndbox>
	</object>
	<object>
		<name>car</name>
		<pose>Unspecified</pose>
		<truncated>0</truncated>
		<difficult>0</difficult>
		<occluded>0</occluded>
		<bndbox>
			<xmin>562</xmin>
			<xmax>666</xmax>
			<ymin>89</ymin>
			<ymax>166</ymax>
		</bndbox>
	</object>
	<object>
		<name>car</name>
		<pose>Unspecified</pose>
		<truncated>0</truncated>
		<difficult>0</difficult>
		<occluded>0</occluded>
		<bndbox>
			<xmin>560</xmin>
			<xmax>657</xmax>
			<ymin>65</ymin>
			<ymax>121</ymax>
		</bndbox>
	</object>
	<object>
		<name>car</name>
		<pose>Unspecified</pose>
		<truncated>0</truncated>
		<difficult>0</difficult>
		<occluded>0</occluded>
		<bndbox>
			<xmin>882</xmin>
			<xmax>938</xmax>
			<ymin>87</ymin>
			<ymax>142</ymax>
		</bndbox>
	</object>
	<object>
		<name>car</name>
		<pose>Unspecified</pose>
		<truncated>0</truncated>
		<difficult>0</difficult>
		<occluded>0</occluded>
		<bndbox>
			<xmin>910</xmin>
			<xmax>968</xmax>
			<ymin>99</ymin>
			<ymax>142</ymax>
		</bndbox>
	</object>
	<object>
		<name>car</name>
		<pose>Unspecified</pose>
		<truncated>0</truncated>
		<difficult>0</difficult>
		<occluded>0</occluded>
		<bndbox>
			<xmin>1168</xmin>
			<xmax>1275</xmax>
			<ymin>78</ymin>
			<ymax>170</ymax>
		</bndbox>
	</object>
	<object>
		<name>car</name>
		<pose>Unspecified</pose>
		<truncated>0</truncated>
		<difficult>0</difficult>
		<occluded>0</occluded>
		<bndbox>
			<xmin>641</xmin>
			<xmax>752</xmax>
			<ymin>17</ymin>
			<ymax>70</ymax>
		</bndbox>
	</object>
</annotation>
