<annotation>
	<folder></folder>
	<filename>vdo_mp4-1399_jpg.rf.30e2aff315d08ea6aefa37c0fb14f449.jpg</filename>
	<path>vdo_mp4-1399_jpg.rf.30e2aff315d08ea6aefa37c0fb14f449.jpg</path>
	<source>
		<database>roboflow.ai</database>
	</source>
	<size>
		<width>1920</width>
		<height>1080</height>
		<depth>3</depth>
	</size>
	<segmented>0</segmented>
	<object>
		<name>car</name>
		<pose>Unspecified</pose>
		<truncated>0</truncated>
		<difficult>0</difficult>
		<occluded>0</occluded>
		<bndbox>
			<xmin>1282</xmin>
			<xmax>1511</xmax>
			<ymin>355</ymin>
			<ymax>533</ymax>
		</bndbox>
	</object>
	<object>
		<name>car</name>
		<pose>Unspecified</pose>
		<truncated>0</truncated>
		<difficult>0</difficult>
		<occluded>0</occluded>
		<bndbox>
			<xmin>1480</xmin>
			<xmax>1788</xmax>
			<ymin>526</ymin>
			<ymax>792</ymax>
		</bndbox>
	</object>
	<object>
		<name>car</name>
		<pose>Unspecified</pose>
		<truncated>0</truncated>
		<difficult>0</difficult>
		<occluded>0</occluded>
		<bndbox>
			<xmin>1042</xmin>
			<xmax>1175</xmax>
			<ymin>121</ymin>
			<ymax>224</ymax>
		</bndbox>
	</object>
	<object>
		<name>car</name>
		<pose>Unspecified</pose>
		<truncated>0</truncated>
		<difficult>0</difficult>
		<occluded>0</occluded>
		<bndbox>
			<xmin>983</xmin>
			<xmax>1050</xmax>
			<ymin>84</ymin>
			<ymax>141</ymax>
		</bndbox>
	</object>
	<object>
		<name>car</name>
		<pose>Unspecified</pose>
		<truncated>0</truncated>
		<difficult>0</difficult>
		<occluded>0</occluded>
		<bndbox>
			<xmin>562</xmin>
			<xmax>663</xmax>
			<ymin>68</ymin>
			<ymax>127</ymax>
		</bndbox>
	</object>
	<object>
		<name>car</name>
		<pose>Unspecified</pose>
		<truncated>0</truncated>
		<difficult>0</difficult>
		<occluded>0</occluded>
		<bndbox>
			<xmin>565</xmin>
			<xmax>665</xmax>
			<ymin>101</ymin>
			<ymax>165</ymax>
		</bndbox>
	</object>
	<object>
		<name>car</name>
		<pose>Unspecified</pose>
		<truncated>0</truncated>
		<difficult>0</difficult>
		<occluded>0</occluded>
		<bndbox>
			<xmin>885</xmin>
			<xmax>939</xmax>
			<ymin>88</ymin>
			<ymax>143</ymax>
		</bndbox>
	</object>
	<object>
		<name>car</name>
		<pose>Unspecified</pose>
		<truncated>0</truncated>
		<difficult>0</difficult>
		<occluded>0</occluded>
		<bndbox>
			<xmin>910</xmin>
			<xmax>967</xmax>
			<ymin>99</ymin>
			<ymax>142</ymax>
		</bndbox>
	</object>
	<object>
		<name>car</name>
		<pose>Unspecified</pose>
		<truncated>0</truncated>
		<difficult>0</difficult>
		<occluded>0</occluded>
		<bndbox>
			<xmin>1169</xmin>
			<xmax>1270</xmax>
			<ymin>80</ymin>
			<ymax>169</ymax>
		</bndbox>
	</object>
	<object>
		<name>car</name>
		<pose>Unspecified</pose>
		<truncated>0</truncated>
		<difficult>0</difficult>
		<occluded>0</occluded>
		<bndbox>
			<xmin>644</xmin>
			<xmax>695</xmax>
			<ymin>90</ymin>
			<ymax>141</ymax>
		</bndbox>
	</object>
	<object>
		<name>person</name>
		<pose>Unspecified</pose>
		<truncated>0</truncated>
		<difficult>0</difficult>
		<occluded>0</occluded>
		<bndbox>
			<xmin>798</xmin>
			<xmax>866</xmax>
			<ymin>66</ymin>
			<ymax>144</ymax>
		</bndbox>
	</object>
</annotation>
